"benamn","kddefault","kdexport","kdkalv","kdinkop","kdutg","kdtfut","kdtfat","kdtfin","kdtfia","kdsem","kdbet","kddrund","kdsin","kdsjuk","kdmjk7","kdmjka","kdindak","kdindpm","kdbespm","kdperkalv","kdperinkop","kdperutg","kdpertfut","kdpertfat","kdpertfin","kdpertfia","kdpersem","kdperbet","kdperdrund","kdpersin","kdpersjuk","kdpermjk7","kdpermjka","kdperinda","kdperindpm","kdperbespm","kdhull","kdperhull"
"Kokontrollresultat","0","1","0","0","0","0","0","0","0","0","0","0","0","0","0","0","0","1","1","1","1","1","1","1","0","0","1","1","1","1","1","1","1","","1","2","0","0"
"Provmjölkningslista","0","1","0","0","0","0","0","0","0","0","0","0","0","1","1","0","0","0","0","1","1","1","1","1","0","0","1","1","1","1","1","2","1","","1","1","0","0"
"Vanlig export","1","1","0","0","0","0","0","0","0","0","0","0","1","1","1","1","0","0","0","1","1","1","2","2","0","0","1","1","2","1","1","1","1","","1","1","0","0"
"Vanlig import","1","0","0","0","0","0","0","0","0","0","0","0","0","0","0","0","0","0","0","2","1","2","1","2","0","0","2","2","1","1","1","1","1","","1","1","0","0"
