"begrid","becolumn","idindex"
"KOKAL","AALDER","2"
"KOKAL","ANBRUNSTCY","12"
"KOKAL","ANINSBET","14"
"KOKAL","ANLAKT","10"
"KOKAL","BENAMN","28"
"KOKAL","DABERKALV","16"
"KOKAL","DABRUNST","11"
"KOKAL","DAFOED","1"
"KOKAL","DAHULL","8"
"KOKAL","DAINK","21"
"KOKAL","DAINSBET","13"
"KOKAL","DAKALV","9"
"KOKAL","DASIN","17"
"KOKAL","DAUTG","20"
"KOKAL","DRSTATSTR","15"
"KOKAL","FIDSTR","30"
"KOKAL","IDDJGRP","4"
"KOKAL","IDFAAR","25"
"KOKAL","KDAMKO","22"
"KOKAL","KDHULL","7"
"KOKAL","KDSHOVERI","23"
"KOKAL","KDSINBEH","18"
"KOKAL","KDUTSLAG","19"
"KOKAL","MFIDSTR","31"
"KOKAL","MJKINDEX","26"
"KOKAL","MSEID","29"
"KOKAL","PTSNR","3"
"KOKAL","RASSTR","5"
"KOKAL","REKOINDEX","27"
"KOKAL","SEID","24"
"KOKAL","VILEVVIKT","6"
"UDKAL","AALDER","3"
"UDKAL","ANBRUNSTCY","12"
"UDKAL","BENAMN","23"
"UDKAL","DABRUNST","11"
"UDKAL","DAFOED","2"
"UDKAL","DAHULL","10"
"UDKAL","DAINK","15"
"UDKAL","DAINSBET","13"
"UDKAL","DAUTG","14"
"UDKAL","FIDSTR","21"
"UDKAL","IDDJGRP","5"
"UDKAL","IDFAAR","17"
"UDKAL","KDANVSTR","7"
"UDKAL","KDHULL","9"
"UDKAL","KDKOEN","1"
"UDKAL","MFIDSTR","22"
"UDKAL","MJKINDEX","18"
"UDKAL","MSEID","20"
"UDKAL","PTSNR","4"
"UDKAL","RASSTR","6"
"UDKAL","REKOINDEX","19"
"UDKAL","SEID","16"
"UDKAL","VILEVVIKT","8"
